{
  "database": {
    "1755311670158": {
      "host": "127.0.0.1",
      "port": 5432,
      "user": "dmc_user",
      "password": "change_me_strong_pw",
      "dbType": "PostgreSQL",
      "database": "dmc_playground_test",
      "advance": {
        "idleConfig": {
          "enable": true
        },
        "hideSystemSchema": true,
        "groupingTables": true,
        "loadMetaDataWhenExpandTreeView": true
      },
      "treeFeatures": [],
      "usingSSH": false,
      "useSocksProxy": false,
      "useHTTPProxy": false,
      "global": true,
      "savePassword": "Forever",
      "readonly": false,
      "sort": 12,
      "useSSL": false,
      "fs": {
        "encoding": "utf8",
        "showHidden": true
      },
      "key": "1755311670158",
      "connectionKey": "database.connections"
    }
  },
  "nosql": null,
  "$schema": "https://cdn.database-client.com/dbclient/schema.json"
}